1,奥迪,奥迪.png
2,大众,大众.png
3,本田,本田.png
4,奔驰,奔驰.png
6,雪铁龙,雪铁龙.png
7,别克,别克.png
8,海马,海马.png
9,一汽,一汽.png
10,丰田,丰田.png
12,起亚,起亚.png
13,吉利汽车,吉利汽车.png
15,日产,日产.png
16,东南,东南.png
17,马自达,马自达.png
18,菲亚特,菲亚特.png
20,宝马,宝马.png
21,福特,福特.png
22,欧宝,欧宝.png
23,萨博,萨博.png
24,沃尔沃,沃尔沃.png
26,捷豹,捷豹.png
28,英菲尼迪,英菲尼迪.png
29,路虎,路虎.png
30,雷克萨斯,雷克萨斯.png
32,三菱,三菱.png
34,现代,现代.png
38,Jeep,Jeep.png
39,克莱斯勒,克莱斯勒.png
40,雷诺,雷诺.png
41,标致,标致.png
44,保时捷,保时捷.png
45,宾利,宾利.png
46,莲花,莲花.png
47,劳斯莱斯,劳斯莱斯.png
49,斯巴鲁,斯巴鲁.png
53,双龙,双龙.png
57,奇瑞,奇瑞.png
58,猎豹汽车,猎豹汽车.png
59,悍马,悍马.png
60,阿尔法罗密欧,阿尔法罗密欧.png
61,法拉利,法拉利.png
62,阿斯顿马丁,阿斯顿马丁.png
63,布加迪,布加迪.png
64,兰博基尼,兰博基尼.png
66,林肯,林肯.png
69,斯柯达,斯柯达.png
70,凯迪拉克,凯迪拉克.png
72,道奇,道奇.png
73,铃木,铃木.png
75,昌河,昌河.png
78,江淮,江淮.png
81,华普,华普.png
82,哈飞,哈飞.png
83,金杯,金杯.png
101,江铃,江铃.png
103,福田,福田.png
104,中华,中华.png
107,比亚迪,比亚迪.png
110,长城,长城.png
111,东风,东风.png
114,金旅,金旅.png
115,华泰,华泰.png
116,福迪,福迪.png
118,五菱,五菱.png
119,双环,双环.png
122,北汽制造,北汽制造.png
124,长安,长安.png
125,中兴,中兴.png
132,依维柯,依维柯.png
133,黄海,黄海.png
140,讴歌,讴歌.png
154,西雅特,西雅特.png
195,广汽吉奥,广汽吉奥.png
205,MINI,MINI.png
225,雪佛兰,雪佛兰.png
235,大迪,大迪.png
265,GMC,GMC.png
275,永源,永源.png
305,力帆,力帆.png
306,奔腾,奔腾.png
307,众泰,众泰.png
316,玛莎拉蒂,玛莎拉蒂.png
325,中顺,中顺.png
345,MG名爵,MG名爵.png
355,金龙汽车,金龙汽车.png
365,荣威,荣威.png
387,迈巴赫,迈巴赫.png
396,红旗,红旗.png
506,中欧,中欧.png
516,野马汽车,野马汽车.png
546,世爵,世爵.png
567,光冈,光冈.png
568,九龙,九龙.png
569,陆风,陆风.png
570,科尼赛克,科尼赛克.png
571,广汽传祺,广汽传祺.png
573,帕加尼,帕加尼.png
574,Rossion,Rossion.png
578,开瑞,开瑞.png
579,威麟,威麟.png
580,瑞麒,瑞麒.png
581,东风风神,东风风神.png
582,宝骏,宝骏.png
583,海马郑州,海马郑州.png
593,北京,北京.png
603,smart,smart.png
604,理念,理念.png
613,长安商用,长安商用.png
623,纳智捷,纳智捷.png
633,启辰,启辰.png
643,北汽威旺,北汽威旺.png
653,路特斯,路特斯.png
663,劳伦士,劳伦士.png
673,上汽大通MAXUS,上汽大通MAXUS.png
693,AC宝马,AC宝马.png
703,欧朗,欧朗.png
704,卡尔森,卡尔森.png
715,迈凯伦,迈凯伦.png
723,巴博斯,巴博斯.png
733,思铭,思铭.png
743,腾势,腾势.png
753,威兹曼,威兹曼.png
754,DS,DS.png
764,沃克斯豪尔,沃克斯豪尔.png
774,特斯拉,特斯拉.png
794,Fisker,Fisker.png
814,北汽绅宝,北汽绅宝.png
824,观致,观致.png
834,FM Auto,FM Auto.png
844,朗世,朗世.png
845,哈弗,哈弗.png
855,恒天,恒天.png
856,东风小康,东风小康.png
866,之诺,之诺.png
876,海格,海格.png
877,东风风度,东风风度.png
878,福汽启腾,福汽启腾.png
888,KTM,KTM.png
898,北汽幻速,北汽幻速.png
908,摩根,摩根.png
918,五十铃,五十铃.png
919,英致,英致.png
929,知豆,知豆.png
939,陆地方舟,陆地方舟.png
949,东风风行,东风风行.png
950,北汽新能源,北汽新能源.png
959,AMG,AMG.png
969,泰卡特,泰卡特.png
970,凯翼,凯翼.png
980,赛麟,赛麟.png
990,成功,成功.png
991,科瑞斯的,科瑞斯的.png
1001,华颂,华颂.png
1011,领志,领志.png
1012,卡威汽车,卡威汽车.png
1022,雷丁,雷丁.png
1032,Noble,Noble.png
1033,nanoFLOWCELL,nanoFLOWCELL.png
1043,Zenvo,Zenvo.png
1053,南京金龙,南京金龙.png
1063,御捷,御捷.png
1064,W Motors,W Motors.png
1074,前途,前途.png
1075,凯马,凯马.png
1085,LOCAL MOTORS,LOCAL MOTORS.png
1095,康迪,康迪.png
1105,游侠,游侠.png
1106,明君华凯,明君华凯.png
1116,欧睿,欧睿.png
1126,宝沃,宝沃.png
1136,江铃集团轻汽,江铃集团轻汽.png
1137,斯达泰克,斯达泰克.png
1138,陕西通家,陕西通家.png
1139,东风风光,东风风光.png
1149,华泰新能源,华泰新能源.png
1159,泰克鲁斯・腾风,泰克鲁斯・腾风.png
1160,LeSEE,LeSEE.png
1170,Faraday Future,Faraday Future.png
1180,汉腾,汉腾.png
1190,东风风诺,东风风诺.png
7190,比速汽车,比速汽车.png
7200,斯威汽车,斯威汽车.png
7210,小鹏汽车,小鹏汽车.png
7220,LYNK&CO,LYNK&CO.png
7230,ALPINA,ALPINA.png
7240,WEY,WEY.png
7250,蔚来,蔚来.png
