1,奥迪A3
1,奥迪Q3
1,奥迪A4L
1,奥迪Q5
1,奥迪A6L
1,奥迪(进口)
1,奥迪A1
1,奥迪S3
1,奥迪A3(进口)
1,奥迪A4(进口)
1,奥迪Q3(进口)
1,奥迪A6(进口)
1,奥迪TT
1,奥迪Q5(进口)
1,奥迪A5
1,奥迪SQ5
1,奥迪TTS
1,奥迪S5
1,奥迪A7
1,奥迪S6
1,奥迪Q7
1,奥迪S7
1,奥迪S8
1,奥迪R8
1,奥迪A8L
10,YARiS L 致炫
10,雷凌
10,雷凌双擎
10,逸致
10,凯美瑞
10,汉兰达
10,雅力士
10,花冠
10,威驰
10,卡罗拉
10,卡罗拉双擎
10,普锐斯
10,RAV4荣放
10,锐志
10,皇冠
10,柯斯达
10,普拉多
10,兰德酷路泽
10,特锐
10,丰田(进口)
10,杰路驰Zelas
10,丰田86
10,Fortuner
10,威飒Venza
10,坦途
10,塞纳
10,丰田HIACE
10,普瑞维亚
10,埃尔法Alphard
10,丰田Land Cruiser
10,红杉
10,FJ酷路泽
10,普拉多(进口)
1001,华颂7
101,江铃E100
101,顺达
101,凯运
101,宝典
101,江铃E200
101,凯锐800
101,域虎
101,驭胜S330
101,凯威
101,驭胜S350
101,宝威
101,凯锐
1012,卡威W1
1012,卡威K1
103,伽途V3
103,伽途V5
103,伽途ix5
103,迷迪
103,伽途ix7
103,福田风景
103,萨普
103,新风景G7
103,蒙派克E
103,风景G9
103,拓陆者
103,蒙派克S
103,萨瓦纳
103,图雅诺
103,伽途T3
1032,诺铂M600
104,骏捷
104,骏捷Cross
104,骏捷FRV
104,骏捷FSV
104,骏捷Wagon
104,酷宝
104,尊驰
1053,开沃D11
107,速锐
107,宋
107,思锐
107,元
107,秦
107,唐
1074,前途K50
1075,凯马锐腾
1085,RALLY FIGHTER
1095,全球鹰K10
1095,全球鹰K12
1095,全球鹰K17
1095,全球鹰K11
110,长城C20R
110,长城M2
110,长城M4
110,长城C50
110,风骏5
110,风骏6
110,长城C30
110,风骏房车
110,长城V80
110,长城M1
110,风骏3
110,嘉誉
110,金迪尔
110,精灵
110,酷熊
110,凌傲
110,赛弗
110,赛铃
110,赛影
110,炫丽
1106,华凯皮卡
111,御风
111,俊风CV03
111,帅客
111,锐骐
111,奥丁
111,御轩
111,俊风
1116,潍柴欧睿
1126,宝沃BX5
1126,宝沃BX7
1136,骐铃T3
1136,骐铃T5
1136,骐铃T7
1137,STARTECH卫士
1137,STARTECH揽胜运动版
1137,STARTECH揽胜皮卡
1137,STARTECH揽胜
1139,风光330
1139,风光370
1139,风光360
1139,风光580
114,金旅海狮
1149,华泰iEV230
1149,华泰XEV260
115,经典圣达菲
115,路盛E80
115,路盛E70
115,新圣达菲
115,特拉卡
115,宝利格
115,华泰B11
115,圣达菲C9
116,小超人
116,探索者III
116,雄师F16
116,探索者6
116,雄师F22
116,揽福
116,探索者II
116,雄狮
118,五菱荣光V
118,五菱之光
118,五菱荣光S
118,五菱荣光
118,五菱宏光S1
118,五菱征程
118,五菱宏光S
118,五菱鸿途
118,五菱宏光
118,五菱兴旺
118,五菱扬光
1180,汉腾X7
119,双环SCEO
119,来宝
119,来旺
119,小贵族
12,起亚K2
12,福瑞迪
12,秀尔
12,赛拉图
12,起亚K3S
12,狮跑
12,起亚K3
12,起亚KX3
12,起亚K4
12,智跑
12,起亚KX5
12,起亚K5
12,嘉华
12,千里马
12,锐欧
12,远舰
12,起亚(进口)
12,新佳乐
12,速迈
12,起亚K5(进口)
12,凯尊
12,起亚VQ
12,索兰托
12,起亚嘉华(进口)
12,霸锐
12,起亚K9
12,欧菲莱斯
122,BJ 212
122,越铃
122,战旗
122,骑士S12
122,北京BW007
122,锐铃
122,陆霸
122,勇士
122,陆铃
124,长安CS95
124,悦翔V3
124,长安CS15
124,悦翔V7
124,长安CS35
124,逸动XT
124,长安CS75
124,奔奔
124,睿骋
124,逸动
124,奔奔Love
124,奔奔i
124,长安CX30
124,杰勋
124,悦翔
124,悦翔V5
124,志翔
125,中兴C3
125,GX3
125,旗舰
125,威虎G3
125,威虎TUV
125,领主
125,无限V5
125,无限V7
125,无限
13,熊猫
13,新金刚
13,海景
13,远景
13,远景SUV
13,帝豪GS
13,帝豪GL
13,吉利EC8
13,吉利GX7
13,豪情SUV
13,博越
13,吉利英伦TX4
13,博瑞
13,新帝豪
13,豪情
13,吉利GC7
13,吉利GX2
13,吉利SC3
13,吉利SC5-RV
13,吉利SC6
13,吉利SX7
13,金刚财富
13,金鹰
13,经典帝豪
13,美人豹
13,英伦C5
13,优利欧
13,中国龙
13,自由舰
132,Turbo Daily
132,超越
132,Venice
132,Power Daily
133,小柴神
133,傲骏
133,挑战者SUV
133,黄海N1
133,大柴神
133,旗胜V3
133,黄海N1S
133,旗胜F1
133,黄海N2
133,黄海N2S
133,瑞途
133,翱龙
