阜阳-鹏恩车友会所,1
阜阳-小蜜蜂汽车养护中心,1
阜阳-车之佳汽车美容装饰服务,1
阜阳-兄弟汽车美容,1
阜阳-广发汽车美容装饰部,1
阜阳-车管家汽车养护中心,1
正阳·车宝贝汽车美容装饰,1
阜阳-车丞相汽车装饰美容中心,1
阜阳-宏泰汽车维修服务中心,1
阜阳-天行车友汽车美容装饰,2
阜阳.速度汽车美容养护中心,2
阜阳.征途汽车美容养护中心,2
大连·沿海汽车美容,1
郑州·速洁车美,1
大连·邓禄普西南路店,1
大连·赤龍养车,1
大连·驰加西安路店,1
大连·驰加胜利路店,1
大连·驰加解放路店,1
大连·通达洗车,1
大连·舒雅汽车美容,1
大连·美安达汽车养护中心,1
大连·隆腾美车会所,1
大连·恒源汽车美容,1
大连·革新汽车美容,1
大连·车都市汽车美容用品坊,1
漯河·御车坊汽车美容生活馆,1
漯河·爱车世家汽车美容维修服务,1
漯河·东方汽车美容装饰,1
漯河·驰耐安汽车装饰美容中心,1
漯河·宝隆汽车服务,1
阜阳·申百立汽车养护美容中心,1
阜阳·金诺汽车养护中心,1
上蔡·锦晟汽车维修服务中心,1
郑州·致远汽车快速服务中心2号店,1
郑州·乐途汽车维修服务,1
郑州·德国马牌,1
漯河·小楚汽车美容会所,1
漯河·车生活一站式汽车美容装饰,1
漯河·小拇指,1
门店名称,星级
漯河·佳诚汽车装饰美容中心,1
漯河·固特异轮胎,1
漯河·车爵仕汽车美容装饰,1
郑州·油易换汽车服务有限公司,1
驻马店·合威汽车美容,1
太和·爱车之家,1
太和·车骏易汽车美容,1
阜阳·爱车美车汽车美容,1
阜阳·龙腾飞汽车美容,1
阜阳·靓车屋汽车装饰养护中心,1
阜阳·e车站专业汽车美容养护中心,1
阜阳·66公路,1
颍上·寰宇汽车美容养护会所,1
颍上·车美居美容会所,1
临泉·协润汽车划痕修复专家,1
临泉·百车汇汽车生活馆,1
界首·护车使者养护中心,1
界首·鼎尚汽车美容会所,1
阜南·大唐汽车服务,1
阜南·鑫龙车友会,1
阜阳·恒之星汽车美容装饰,1
太和·博莱森汽车养护服务站,1
太和·洗车人家,1
郑州·豫涛汽修连锁·正车店,1
周口·潇南汽车美容装饰,1
周口·美之星汽车装饰美容中心,1
周口·特福莱全球汽车连锁汽车服务,1
周口·爱马汽车美容会所,1
周口·谊丰汽车美容中心,1
周口·忠银汽车美容中心,1
周口·忠银汽车装饰·莲花路店,1
漯河·车饰界汽车美容会所,1
郑州·优畅汽车美容会所,1
郑州·快车道·华冠汽车美容,1
郑州·车驿站锦湖轮胎,1
郑州·车地带汽车服务,1
漯河·炫车一族汽车美容装饰,1
漯河·天美汽车一站式服务,1
漯河·宝鼎车饰品牌店,1
门店名称,星级
郑州·固特异汽车美容装饰长江路店,1
郑州·德国马牌合之鑫汽车服务,1
郑州·合鑫汽车服务,1
郑州·卡美家汽车服务部,1
漯河·車镇汽车美容会所,1
漯河·威杰龍靓车坊,1
漯河·大拇指汽车美容中心,1
郑州·驰加·光辉店,1
郑州·中华爱车一站式服务中心,1
郑州·醒车汇汽车服务广场,1
郑州·新港汽车服务中心,1
郑州·赛维斯汽车装饰用品商行,1
郑州·樂驾养护专家,1
郑州·老王汽车装饰,1
郑州·碧泉镀晶·嵩山路店,1
郑州·养车猫汽车服务连锁·橄榄城店,1
阜阳·鑫时代汽车美容维修中心,1
阜阳·赛S汽车服务,1
太和·枚凯车庄,1
太和·艺博汽车美容钣喷中心,1
太和·东盛汽车服务部,1
郑州·微利天弘汽车美容装饰,1
郑州·车仕捷洗车坊,1
郑州·车车在线汽车维修美容服务,1
郑州·致远汽车快速服务中心1号店,1
郑州·快车道·新世兴店,1
郑州·快车道·汉江路店,1
阜阳·车王一站式汽车服务,1
阜阳·畅行九州汽车维修服务中心,1
阜阳·车之骄汽车服务中心,1
郑州·三轮车夫一站式汽车服务,1
郑州·猎狐部落汽车音响改装生活馆,1
郑州·钢铁侠汽车维修,1
郑州·七人堂·昌盛汽车,1
郑州·龍一汽车美容,1
门店名称,星级
上蔡·雅士爱车之家,1
上蔡·向阳一站式汽车服务,1
上蔡·梅特莱斯,1
上蔡·德国马牌,1
阜阳·文峰车行,1
阜阳·90後精工汽车美容,1
泌阳·车行天下精致养车坊,1
泌阳·镁车坊汽车服务会所,1
汝南·阳光苑汽车美容中心（德国马牌）,1
驻马店·德国马牌利星汽车服务中心,1
汝南·新起点汽车维修美容中心,1
汝南·车驿站汽车美容总汇,1
驻马店·乐途汽车维修服务,1
驻马店·德力汽车服务,1
驻马店·宇通汽车美容装饰,1
驻马店·德国马牌汽车服务,1
郑州·东海汽车美容装饰中心,1
驻马店·建之特汽车划痕修复专家,1
郑州·快车道汽车服务连锁,1
郑州·邓禄普轮胎·小梁汽车装饰,1
郑州·驰加,1
郑州·快车道·喜麦店,1
驻马店·隆祥汽车服务中心,1
郑州·卡卡汽车主题生活馆·双塔店,1
郑州·卡卡汽车主题生活馆·绿城老街店,1
郑州·卡卡汽车主题生活馆·富田店,1
郑州·卡卡汽车主题生活馆·阿卡迪亚,1
车管家汽车服务有限公司,1
飞劲轮胎轿之林汽车俱乐部,1
众筹之星高端汽车服务俱乐部,1
洗车人家汽车美容连锁机构,1
爱卡汽车养护中心,1
爱车行汽车美容VIP会所,1
倍耐力轮胎,1
锦湖轮胎,1
鹏举汽车维修中心,1
顺鑫汽车维修美容装饰,1
御车汇汽车美容会所,1
兴科汽车美容装饰,1
门店名称,星级
御驾汽车美容服务中心旗舰店,1
百汇汽车装饰美容,1
驻马店·翔达汽车美容装饰,1
驻马店·宝鑫行名车维修,3
驻马店·小友汽车服务中心,3
驻马店·新世纪专业维修服务,3
驻马店·洁美仕汽车服务部,5
驻马店·远航汽车服务中心,3
